trackingUrn,repostedJob,title,$recipeTypes,posterId,$type,contentSource,entityUrn
urn:li:jobPosting:4109184889,true,Associate Director/Research Scientist - Health Economic Modelling Evidera,[com.linkedin.deco.recipe.anonymous.Anon1578943416],785091003,com.linkedin.voyager.dash.jobs.JobPosting,JOBS_PREMIUM_OFFLINE,urn:li:fsd_jobPosting:4109184889
urn:li:jobPosting:4051815637,true,Head of Engineering - High Frequency Trading (HFT),[com.linkedin.deco.recipe.anonymous.Anon1578943416],1053754511,com.linkedin.voyager.dash.jobs.JobPosting,JOBS_PREMIUM_OFFLINE,urn:li:fsd_jobPosting:4051815637
urn:li:jobPosting:4109982293,false,User Experience Designer,[com.linkedin.deco.recipe.anonymous.Anon1578943416],308621374,com.linkedin.voyager.dash.jobs.JobPosting,JOBS_PREMIUM_OFFLINE,urn:li:fsd_jobPosting:4109982293
urn:li:jobPosting:4110891714,false,Technical Support Specialist with French and English,[com.linkedin.deco.recipe.anonymous.Anon1578943416],1257631249,com.linkedin.voyager.dash.jobs.JobPosting,JOBS_PREMIUM_OFFLINE,urn:li:fsd_jobPosting:4110891714
urn:li:jobPosting:3773781834,true,Customer Service Representative with English - Sofia,[com.linkedin.deco.recipe.anonymous.Anon1578943416],5101843,com.linkedin.voyager.dash.jobs.JobPosting,JOBS_PREMIUM_OFFLINE,urn:li:fsd_jobPosting:3773781834
urn:li:jobPosting:4061899777,true,Forensic Accounting Lead,[com.linkedin.deco.recipe.anonymous.Anon1578943416],428787455,com.linkedin.voyager.dash.jobs.JobPosting,JOBS_PREMIUM_OFFLINE,urn:li:fsd_jobPosting:4061899777
urn:li:jobPosting:4110434807,false,Project economist (Cat. II),[com.linkedin.deco.recipe.anonymous.Anon1578943416],1322739583,com.linkedin.voyager.dash.jobs.JobPosting,JOBS_PREMIUM_OFFLINE,urn:li:fsd_jobPosting:4110434807
urn:li:jobPosting:4096859848,true,Software Engineering Manager (Trading),[com.linkedin.deco.recipe.anonymous.Anon1578943416],1053754511,com.linkedin.voyager.dash.jobs.JobPosting,JOBS_PREMIUM_OFFLINE,urn:li:fsd_jobPosting:4096859848
urn:li:jobPosting:4091696671,true,Експедитор /и кантарджия (F/M/X),[com.linkedin.deco.recipe.anonymous.Anon1578943416],950007270,com.linkedin.voyager.dash.jobs.JobPosting,JOBS_PREMIUM_OFFLINE,urn:li:fsd_jobPosting:4091696671
urn:li:jobPosting:4110245095,false,Project Engineer (Cat. II),[com.linkedin.deco.recipe.anonymous.Anon1578943416],1322739583,com.linkedin.voyager.dash.jobs.JobPosting,JOBS_PREMIUM_OFFLINE,urn:li:fsd_jobPosting:4110245095
urn:li:jobPosting:4110441008,false,DevOps Training and Internship,[com.linkedin.deco.recipe.anonymous.Anon1578943416],1110496096,com.linkedin.voyager.dash.jobs.JobPosting,JOBS_PREMIUM_OFFLINE,urn:li:fsd_jobPosting:4110441008
urn:li:jobPosting:3787307384,true,Customer Service Representative with English - Sofia - Hybrid,[com.linkedin.deco.recipe.anonymous.Anon1578943416],5101843,com.linkedin.voyager.dash.jobs.JobPosting,JOBS_PREMIUM_OFFLINE,urn:li:fsd_jobPosting:3787307384
urn:li:jobPosting:3773787223,true,Customer Service Representative with English - Plovdiv,[com.linkedin.deco.recipe.anonymous.Anon1578943416],5101843,com.linkedin.voyager.dash.jobs.JobPosting,JOBS_PREMIUM_OFFLINE,urn:li:fsd_jobPosting:3773787223
urn:li:jobPosting:4109186729,true,Survey Development Coordinator I,[com.linkedin.deco.recipe.anonymous.Anon1578943416],785091003,com.linkedin.voyager.dash.jobs.JobPosting,JOBS_PREMIUM_OFFLINE,urn:li:fsd_jobPosting:4109186729
urn:li:jobPosting:4110054621,false,DevOps Engineer,[com.linkedin.deco.recipe.anonymous.Anon1578943416],842484302,com.linkedin.voyager.dash.jobs.JobPosting,JOBS_PREMIUM,urn:li:fsd_jobPosting:4110054621
urn:li:jobPosting:4110896437,false,B2B Solutions Consultant with French and English,[com.linkedin.deco.recipe.anonymous.Anon1578943416],1257631249,com.linkedin.voyager.dash.jobs.JobPosting,JOBS_PREMIUM_OFFLINE,urn:li:fsd_jobPosting:4110896437
urn:li:jobPosting:4110890331,false,Digital Trust and Safety Analyst with Arabic and English,[com.linkedin.deco.recipe.anonymous.Anon1578943416],1257631249,com.linkedin.voyager.dash.jobs.JobPosting,JOBS_PREMIUM_OFFLINE,urn:li:fsd_jobPosting:4110890331
urn:li:jobPosting:4110525698,false,Delivery Support,[com.linkedin.deco.recipe.anonymous.Anon1578943416],34287313,com.linkedin.voyager.dash.jobs.JobPosting,JOBS_PREMIUM_OFFLINE,urn:li:fsd_jobPosting:4110525698
urn:li:jobPosting:4110540700,false,Release Train Engineer for Hyperspace,[com.linkedin.deco.recipe.anonymous.Anon1578943416],8179821,com.linkedin.voyager.dash.jobs.JobPosting,JOBS_PREMIUM_OFFLINE,urn:li:fsd_jobPosting:4110540700
urn:li:jobPosting:4109989183,false,(Senior) Software Engineer for Cloud Development,[com.linkedin.deco.recipe.anonymous.Anon1578943416],8179821,com.linkedin.voyager.dash.jobs.JobPosting,JOBS_PREMIUM_OFFLINE,urn:li:fsd_jobPosting:4109989183
urn:li:jobPosting:4109190365,true,Contracts Attorney,[com.linkedin.deco.recipe.anonymous.Anon1578943416],785091003,com.linkedin.voyager.dash.jobs.JobPosting,JOBS_PREMIUM_OFFLINE,urn:li:fsd_jobPosting:4109190365
urn:li:jobPosting:4096387802,true,Hochschulpraktikant/-in Daten und Wissenschaft,[com.linkedin.deco.recipe.anonymous.Anon1578943416],38432027,com.linkedin.voyager.dash.jobs.JobPosting,JOBS_PREMIUM_OFFLINE,urn:li:fsd_jobPosting:4096387802
urn:li:jobPosting:4084036599,true,Senior Backend Engineer,[com.linkedin.deco.recipe.anonymous.Anon1578943416],561143364,com.linkedin.voyager.dash.jobs.JobPosting,JOBS_PREMIUM_OFFLINE,urn:li:fsd_jobPosting:4084036599
urn:li:jobPosting:4110853157,false,Reconciliations Officer,[com.linkedin.deco.recipe.anonymous.Anon1578943416],756068319,com.linkedin.voyager.dash.jobs.JobPosting,JOBS_PREMIUM_OFFLINE,urn:li:fsd_jobPosting:4110853157
urn:li:jobPosting:4075535387,true,Clinical Trial Drug Safety Associate,[com.linkedin.deco.recipe.anonymous.Anon1578943416],505360322,com.linkedin.voyager.dash.jobs.JobPosting,JOBS_PREMIUM_OFFLINE,urn:li:fsd_jobPosting:4075535387
urn:li:jobPosting:4109676232,false,DevOps Engineer with Golang,[com.linkedin.deco.recipe.anonymous.Anon1578943416],45934859,com.linkedin.voyager.dash.jobs.JobPosting,JOBS_PREMIUM_OFFLINE,urn:li:fsd_jobPosting:4109676232
urn:li:jobPosting:4110444320,false,AI & Data Engineering Internship,[com.linkedin.deco.recipe.anonymous.Anon1578943416],1110496096,com.linkedin.voyager.dash.jobs.JobPosting,JOBS_PREMIUM_OFFLINE,urn:li:fsd_jobPosting:4110444320
urn:li:jobPosting:4061893839,true,R2R Finance Specialist,[com.linkedin.deco.recipe.anonymous.Anon1578943416],428787455,com.linkedin.voyager.dash.jobs.JobPosting,JOBS_PREMIUM_OFFLINE,urn:li:fsd_jobPosting:4061893839
urn:li:jobPosting:4038022146,true,Data Protection Specialist – GDPR,[com.linkedin.deco.recipe.anonymous.Anon1578943416],31017448,com.linkedin.voyager.dash.jobs.JobPosting,JOBS_PREMIUM_OFFLINE,urn:li:fsd_jobPosting:4038022146
urn:li:jobPosting:4075364919,true,Softwaretester (d/w/m),[com.linkedin.deco.recipe.anonymous.Anon1578943416],548165338,com.linkedin.voyager.dash.jobs.JobPosting,JOBS_PREMIUM_OFFLINE,urn:li:fsd_jobPosting:4075364919
urn:li:jobPosting:4110247492,false,Business Communications Specialist / Digital Marketing – Smart Buildings,[com.linkedin.deco.recipe.anonymous.Anon1578943416],93267151,com.linkedin.voyager.dash.jobs.JobPosting,JOBS_PREMIUM_OFFLINE,urn:li:fsd_jobPosting:4110247492
urn:li:jobPosting:4089984439,true,Agile Delivery Manager (Trading/Exchange),[com.linkedin.deco.recipe.anonymous.Anon1578943416],1053754511,com.linkedin.voyager.dash.jobs.JobPosting,JOBS_PREMIUM_OFFLINE,urn:li:fsd_jobPosting:4089984439
urn:li:jobPosting:4110211371,false,Data Engineering Training & Internship,[com.linkedin.deco.recipe.anonymous.Anon1578943416],1110496096,com.linkedin.voyager.dash.jobs.JobPosting,JOBS_PREMIUM_OFFLINE,urn:li:fsd_jobPosting:4110211371
urn:li:jobPosting:4077528695,true,Senior C Developer (worldwide remote work anywhere),[com.linkedin.deco.recipe.anonymous.Anon1578943416],681867008,com.linkedin.voyager.dash.jobs.JobPosting,JOBS_PREMIUM_OFFLINE,urn:li:fsd_jobPosting:4077528695
urn:li:jobPosting:4110016885,false,Feasibility Strategist - FSP - EMEA,[com.linkedin.deco.recipe.anonymous.Anon1578943416],238087500,com.linkedin.voyager.dash.jobs.JobPosting,JOBS_PREMIUM_OFFLINE,urn:li:fsd_jobPosting:4110016885
urn:li:jobPosting:4110441510,false,Software Engineering Mastery Training and Internship Program,[com.linkedin.deco.recipe.anonymous.Anon1578943416],1110496096,com.linkedin.voyager.dash.jobs.JobPosting,JOBS_PREMIUM_OFFLINE,urn:li:fsd_jobPosting:4110441510
urn:li:jobPosting:4110050683,false,Java developer,[com.linkedin.deco.recipe.anonymous.Anon1578943416],591939706,com.linkedin.voyager.dash.jobs.JobPosting,JOBS_PREMIUM,urn:li:fsd_jobPosting:4110050683
urn:li:jobPosting:4110020353,false,Spanish and English-speaking Recruiter,[com.linkedin.deco.recipe.anonymous.Anon1578943416],238087500,com.linkedin.voyager.dash.jobs.JobPosting,JOBS_PREMIUM_OFFLINE,urn:li:fsd_jobPosting:4110020353
urn:li:jobPosting:4090970145,true,Incident Problem Manager,[com.linkedin.deco.recipe.anonymous.Anon1578943416],524492118,com.linkedin.voyager.dash.jobs.JobPosting,JOBS_PREMIUM_OFFLINE,urn:li:fsd_jobPosting:4090970145
urn:li:jobPosting:4091309017,true,SAP iXp Intern - User Experience Designer SAP Build Code,[com.linkedin.deco.recipe.anonymous.Anon1578943416],8179821,com.linkedin.voyager.dash.jobs.JobPosting,JOBS_PREMIUM_OFFLINE,urn:li:fsd_jobPosting:4091309017
urn:li:jobPosting:4110893771,false,Fitbit Customer Support Specialist with French and English,[com.linkedin.deco.recipe.anonymous.Anon1578943416],1257631249,com.linkedin.voyager.dash.jobs.JobPosting,JOBS_PREMIUM_OFFLINE,urn:li:fsd_jobPosting:4110893771
urn:li:jobPosting:4110890261,false,Dutch Speaking Customer Support Specialist,[com.linkedin.deco.recipe.anonymous.Anon1578943416],1257631249,com.linkedin.voyager.dash.jobs.JobPosting,JOBS_PREMIUM_OFFLINE,urn:li:fsd_jobPosting:4110890261
urn:li:jobPosting:4109630598,false,Junior/Middle Manual QA Engineer,[com.linkedin.deco.recipe.anonymous.Anon1578943416],83997177,com.linkedin.voyager.dash.jobs.JobPosting,JOBS_PREMIUM,urn:li:fsd_jobPosting:4109630598
urn:li:jobPosting:4103504958,true,Customer Service Representative with English – Remote Bulgaria,[com.linkedin.deco.recipe.anonymous.Anon1578943416],5101843,com.linkedin.voyager.dash.jobs.JobPosting,JOBS_PREMIUM_OFFLINE,urn:li:fsd_jobPosting:4103504958
urn:li:jobPosting:4028385402,true,Packaging Construction and Design Specialist,[com.linkedin.deco.recipe.anonymous.Anon1578943416],436283888,com.linkedin.voyager.dash.jobs.JobPosting,JOBS_PREMIUM_OFFLINE,urn:li:fsd_jobPosting:4028385402
urn:li:jobPosting:4074485217,true,Strategy and Transaction Services Junior Consultant,[com.linkedin.deco.recipe.anonymous.Anon1578943416],214206,com.linkedin.voyager.dash.jobs.JobPosting,JOBS_PREMIUM_OFFLINE,urn:li:fsd_jobPosting:4074485217
urn:li:jobPosting:4110886587,false,Danish Speaking Customer Support Specialist - Work from Anywhere in Bulgaria,[com.linkedin.deco.recipe.anonymous.Anon1578943416],1257631249,com.linkedin.voyager.dash.jobs.JobPosting,JOBS_PREMIUM_OFFLINE,urn:li:fsd_jobPosting:4110886587
urn:li:jobPosting:4062008553,true, Forensic Accountant,[com.linkedin.deco.recipe.anonymous.Anon1578943416],428787455,com.linkedin.voyager.dash.jobs.JobPosting,JOBS_PREMIUM_OFFLINE,urn:li:fsd_jobPosting:4062008553
urn:li:jobPosting:4104120593,false,Sales Consultant,[com.linkedin.deco.recipe.anonymous.Anon1578943416],614136020,com.linkedin.voyager.dash.jobs.JobPosting,JOBS_PREMIUM_OFFLINE,urn:li:fsd_jobPosting:4104120593
urn:li:jobPosting:4110895402,false,Learning and Development Specialist for Supercell Account,[com.linkedin.deco.recipe.anonymous.Anon1578943416],1257631249,com.linkedin.voyager.dash.jobs.JobPosting,JOBS_PREMIUM_OFFLINE,urn:li:fsd_jobPosting:4110895402
urn:li:jobPosting:4065472626,true,Business Development Manager,[com.linkedin.deco.recipe.anonymous.Anon1578943416],780648515,com.linkedin.voyager.dash.jobs.JobPosting,JOBS_PREMIUM_OFFLINE,urn:li:fsd_jobPosting:4065472626
urn:li:jobPosting:4110875485,false,Back End Developer Algorithms/Data Structures GoLang | Crypto Exchange Scale up | Salary Range $100000-$130000 Base + Stock Options + Benefits (Fully Remote),[com.linkedin.deco.recipe.anonymous.Anon1578943416],510463353,com.linkedin.voyager.dash.jobs.JobPosting,JOBS_PREMIUM_OFFLINE,urn:li:fsd_jobPosting:4110875485
urn:li:jobPosting:4051818347,true,Head of Engineering - Trading,[com.linkedin.deco.recipe.anonymous.Anon1578943416],1053754511,com.linkedin.voyager.dash.jobs.JobPosting,JOBS_PREMIUM_OFFLINE,urn:li:fsd_jobPosting:4051818347
urn:li:jobPosting:4110505872,false,Sr. Data Integration Engineer (KAFKA),[com.linkedin.deco.recipe.anonymous.Anon1578943416],825072968,com.linkedin.voyager.dash.jobs.JobPosting,JOBS_PREMIUM_OFFLINE,urn:li:fsd_jobPosting:4110505872
urn:li:jobPosting:4110493776,false,Lead React Engineer,[com.linkedin.deco.recipe.anonymous.Anon1578943416],265125170,com.linkedin.voyager.dash.jobs.JobPosting,JOBS_PREMIUM_OFFLINE,urn:li:fsd_jobPosting:4110493776
urn:li:jobPosting:4110490940,false,Cyber Security Consultant,[com.linkedin.deco.recipe.anonymous.Anon1578943416],265125170,com.linkedin.voyager.dash.jobs.JobPosting,JOBS_PREMIUM_OFFLINE,urn:li:fsd_jobPosting:4110490940
urn:li:jobPosting:4110431772,false,Cybersecurity Internship,[com.linkedin.deco.recipe.anonymous.Anon1578943416],1110496096,com.linkedin.voyager.dash.jobs.JobPosting,JOBS_PREMIUM_OFFLINE,urn:li:fsd_jobPosting:4110431772
urn:li:jobPosting:4110533428,false,Full Stack Developer,[com.linkedin.deco.recipe.anonymous.Anon1578943416],900772681,com.linkedin.voyager.dash.jobs.JobPosting,JOBS_PREMIUM_OFFLINE,urn:li:fsd_jobPosting:4110533428
urn:li:jobPosting:4072485607,true,(Senior) Full Stack Developer with ABAP,[com.linkedin.deco.recipe.anonymous.Anon1578943416],8179821,com.linkedin.voyager.dash.jobs.JobPosting,JOBS_CREATE,urn:li:fsd_jobPosting:4072485607
urn:li:jobPosting:4090601049,true,Senior Backend Engineer (PHP>Node.js),[com.linkedin.deco.recipe.anonymous.Anon1578943416],561143364,com.linkedin.voyager.dash.jobs.JobPosting,JOBS_PREMIUM_OFFLINE,urn:li:fsd_jobPosting:4090601049
urn:li:jobPosting:4110435228,false,AI Developer Training and Internship Program,[com.linkedin.deco.recipe.anonymous.Anon1578943416],1110496096,com.linkedin.voyager.dash.jobs.JobPosting,JOBS_PREMIUM_OFFLINE,urn:li:fsd_jobPosting:4110435228
urn:li:jobPosting:4110833265,false,AI & Data Engineering Study & Internship,[com.linkedin.deco.recipe.anonymous.Anon1578943416],1110496096,com.linkedin.voyager.dash.jobs.JobPosting,JOBS_PREMIUM_OFFLINE,urn:li:fsd_jobPosting:4110833265
urn:li:jobPosting:4110205650,false,Senior Embedded Software Engineer,[com.linkedin.deco.recipe.anonymous.Anon1578943416],null,com.linkedin.voyager.dash.jobs.JobPosting,JOBS_CREATE,urn:li:fsd_jobPosting:4110205650
urn:li:jobPosting:4104133112,true,Développeur PeopleSoft/Développeuse PeopleSoft,[com.linkedin.deco.recipe.anonymous.Anon1578943416],794691736,com.linkedin.voyager.dash.jobs.JobPosting,JOBS_PREMIUM_OFFLINE,urn:li:fsd_jobPosting:4104133112
urn:li:jobPosting:4110511149,false,Senior DevOps Engineer,[com.linkedin.deco.recipe.anonymous.Anon1578943416],825072968,com.linkedin.voyager.dash.jobs.JobPosting,JOBS_PREMIUM_OFFLINE,urn:li:fsd_jobPosting:4110511149
urn:li:jobPosting:4110871118,false,AI & Data Science Training & Internship,[com.linkedin.deco.recipe.anonymous.Anon1578943416],1110496096,com.linkedin.voyager.dash.jobs.JobPosting,JOBS_PREMIUM_OFFLINE,urn:li:fsd_jobPosting:4110871118
urn:li:jobPosting:4110452932,false,Cyber Security Analyst,[com.linkedin.deco.recipe.anonymous.Anon1578943416],null,com.linkedin.voyager.dash.jobs.JobPosting,JOBS_CREATE,urn:li:fsd_jobPosting:4110452932
urn:li:jobPosting:4084796667,true,Senior Android Developer,[com.linkedin.deco.recipe.anonymous.Anon1578943416],733961263,com.linkedin.voyager.dash.jobs.JobPosting,JOBS_PREMIUM_OFFLINE,urn:li:fsd_jobPosting:4084796667
urn:li:jobPosting:4110533608,false,Software Engineer for Training AI Data (Python),[com.linkedin.deco.recipe.anonymous.Anon1578943416],12556957,com.linkedin.voyager.dash.jobs.JobPosting,JOBS_PREMIUM_OFFLINE,urn:li:fsd_jobPosting:4110533608
urn:li:jobPosting:4110892847,false,Senior Software Engineer (.Net),[com.linkedin.deco.recipe.anonymous.Anon1578943416],236394131,com.linkedin.voyager.dash.jobs.JobPosting,JOBS_PREMIUM_OFFLINE,urn:li:fsd_jobPosting:4110892847
urn:li:jobPosting:4110535221,false,.Net Full Stack Developer,[com.linkedin.deco.recipe.anonymous.Anon1578943416],933630596,com.linkedin.voyager.dash.jobs.JobPosting,JOBS_PREMIUM_OFFLINE,urn:li:fsd_jobPosting:4110535221
urn:li:jobPosting:4110882809,false,Data Analytics Internship,[com.linkedin.deco.recipe.anonymous.Anon1578943416],1110496096,com.linkedin.voyager.dash.jobs.JobPosting,JOBS_PREMIUM_OFFLINE,urn:li:fsd_jobPosting:4110882809
urn:li:jobPosting:4110236606,false,DevOps Engineer,[com.linkedin.deco.recipe.anonymous.Anon1578943416],657661009,com.linkedin.voyager.dash.jobs.JobPosting,JOBS_PREMIUM_OFFLINE,urn:li:fsd_jobPosting:4110236606
urn:li:jobPosting:4110873555,false,Специалист Обработка на документи с Немски Език (Възможност за Хоум офис),[com.linkedin.deco.recipe.anonymous.Anon1578943416],1374813822,com.linkedin.voyager.dash.jobs.JobPosting,JOBS_PREMIUM,urn:li:fsd_jobPosting:4110873555
urn:li:jobPosting:4110048860,false,Android Developer,[com.linkedin.deco.recipe.anonymous.Anon1578943416],837895204,com.linkedin.voyager.dash.jobs.JobPosting,JOBS_PREMIUM,urn:li:fsd_jobPosting:4110048860
urn:li:jobPosting:4085341336,true,Back End Engineer (Python & Go) - Europe Only,[com.linkedin.deco.recipe.anonymous.Anon1578943416],266197637,com.linkedin.voyager.dash.jobs.JobPosting,JOBS_PREMIUM_OFFLINE,urn:li:fsd_jobPosting:4085341336
urn:li:jobPosting:4110836615,false,AI & Data Science Training & Intership,[com.linkedin.deco.recipe.anonymous.Anon1578943416],1110496096,com.linkedin.voyager.dash.jobs.JobPosting,JOBS_PREMIUM_OFFLINE,urn:li:fsd_jobPosting:4110836615
urn:li:jobPosting:4089479542,true,Customer Service Representative with English and French - Sofia,[com.linkedin.deco.recipe.anonymous.Anon1578943416],5101843,com.linkedin.voyager.dash.jobs.JobPosting,JOBS_PREMIUM_OFFLINE,urn:li:fsd_jobPosting:4089479542
urn:li:jobPosting:4110240788,false,Vulnerability Researcher (iOS and Android),[com.linkedin.deco.recipe.anonymous.Anon1578943416],55634424,com.linkedin.voyager.dash.jobs.JobPosting,JOBS_PREMIUM_OFFLINE,urn:li:fsd_jobPosting:4110240788
urn:li:jobPosting:3810378802,true,Customer Service Representative with English and German - Sofia,[com.linkedin.deco.recipe.anonymous.Anon1578943416],5101843,com.linkedin.voyager.dash.jobs.JobPosting,JOBS_PREMIUM_OFFLINE,urn:li:fsd_jobPosting:3810378802
urn:li:jobPosting:4111201577,false,Prompt Engineering Training and Internship Program,[com.linkedin.deco.recipe.anonymous.Anon1578943416],1110496096,com.linkedin.voyager.dash.jobs.JobPosting,JOBS_PREMIUM_OFFLINE,urn:li:fsd_jobPosting:4111201577
urn:li:jobPosting:4110062061,false,Експерт Администриране на персонала,[com.linkedin.deco.recipe.anonymous.Anon1578943416],332862154,com.linkedin.voyager.dash.jobs.JobPosting,JOBS_PREMIUM_OFFLINE,urn:li:fsd_jobPosting:4110062061
urn:li:jobPosting:4081026600,true,Principal Backend Engineer (Node/TypeScript),[com.linkedin.deco.recipe.anonymous.Anon1578943416],561143364,com.linkedin.voyager.dash.jobs.JobPosting,JOBS_PREMIUM_OFFLINE,urn:li:fsd_jobPosting:4081026600
urn:li:jobPosting:4110878116,false,Full Stack Development Training and Internship Program,[com.linkedin.deco.recipe.anonymous.Anon1578943416],1110496096,com.linkedin.voyager.dash.jobs.JobPosting,JOBS_PREMIUM_OFFLINE,urn:li:fsd_jobPosting:4110878116
urn:li:jobPosting:4110889115,false,AI & Data Scientist Internship,[com.linkedin.deco.recipe.anonymous.Anon1578943416],1110496096,com.linkedin.voyager.dash.jobs.JobPosting,JOBS_PREMIUM_OFFLINE,urn:li:fsd_jobPosting:4110889115
urn:li:jobPosting:4065159619,true,Regional Growth Manager(CIS/Taiwan),[com.linkedin.deco.recipe.anonymous.Anon1578943416],780648515,com.linkedin.voyager.dash.jobs.JobPosting,JOBS_PREMIUM_OFFLINE,urn:li:fsd_jobPosting:4065159619
urn:li:jobPosting:4110871173,false,Data Science & AI Training & Internship,[com.linkedin.deco.recipe.anonymous.Anon1578943416],1110496096,com.linkedin.voyager.dash.jobs.JobPosting,JOBS_PREMIUM_OFFLINE,urn:li:fsd_jobPosting:4110871173
urn:li:jobPosting:4109623983,false,Senior Machine Learning Engineer - Enterprise AI Innovation,[com.linkedin.deco.recipe.anonymous.Anon1578943416],8350242,com.linkedin.voyager.dash.jobs.JobPosting,JOBS_PREMIUM,urn:li:fsd_jobPosting:4109623983
urn:li:jobPosting:4029654828,true,Senior PHP/Node.js Engineer (Boosters) ,[com.linkedin.deco.recipe.anonymous.Anon1578943416],692887630,com.linkedin.voyager.dash.jobs.JobPosting,JOBS_PREMIUM_OFFLINE,urn:li:fsd_jobPosting:4029654828
urn:li:jobPosting:4110433554,false,AI Developer Training and Internship Program,[com.linkedin.deco.recipe.anonymous.Anon1578943416],1110496096,com.linkedin.voyager.dash.jobs.JobPosting,JOBS_PREMIUM_OFFLINE,urn:li:fsd_jobPosting:4110433554
urn:li:jobPosting:4110061084,false,Senior Full-Stack Software Engineer (.NET + Angular),[com.linkedin.deco.recipe.anonymous.Anon1578943416],747235202,com.linkedin.voyager.dash.jobs.JobPosting,JOBS_PREMIUM,urn:li:fsd_jobPosting:4110061084
urn:li:jobPosting:4110062783,false,Senior Frontend Developer,[com.linkedin.deco.recipe.anonymous.Anon1578943416],733961263,com.linkedin.voyager.dash.jobs.JobPosting,JOBS_PREMIUM_OFFLINE,urn:li:fsd_jobPosting:4110062783
urn:li:jobPosting:4110046744,false,Lead Data Engineer (Sofia Bulgaria),[com.linkedin.deco.recipe.anonymous.Anon1578943416],375599025,com.linkedin.voyager.dash.jobs.JobPosting,JOBS_PREMIUM,urn:li:fsd_jobPosting:4110046744
urn:li:jobPosting:4110181921,false,Junior Business Developer,[com.linkedin.deco.recipe.anonymous.Anon1578943416],197571102,com.linkedin.voyager.dash.jobs.JobPosting,JOBS_PREMIUM_OFFLINE,urn:li:fsd_jobPosting:4110181921
urn:li:jobPosting:4110051994,false,Senior Product Owner,[com.linkedin.deco.recipe.anonymous.Anon1578943416],402860233,com.linkedin.voyager.dash.jobs.JobPosting,JOBS_PREMIUM_OFFLINE,urn:li:fsd_jobPosting:4110051994
urn:li:jobPosting:4110427812,false,DevOps Engineering Training and Internship Program,[com.linkedin.deco.recipe.anonymous.Anon1578943416],1110496096,com.linkedin.voyager.dash.jobs.JobPosting,JOBS_PREMIUM_OFFLINE,urn:li:fsd_jobPosting:4110427812
urn:li:jobPosting:4110440459,false,Software Engineering Mastery Training and Internship Program,[com.linkedin.deco.recipe.anonymous.Anon1578943416],1110496096,com.linkedin.voyager.dash.jobs.JobPosting,JOBS_PREMIUM_OFFLINE,urn:li:fsd_jobPosting:4110440459
urn:li:jobPosting:4110540787,false,Technical Product Manager - AI Team,[com.linkedin.deco.recipe.anonymous.Anon1578943416],623742232,com.linkedin.voyager.dash.jobs.JobPosting,JOBS_PREMIUM_OFFLINE,urn:li:fsd_jobPosting:4110540787
urn:li:jobPosting:4102605135,true,Partner Manager Growth,[com.linkedin.deco.recipe.anonymous.Anon1578943416],214755253,com.linkedin.voyager.dash.jobs.JobPosting,JOBS_PREMIUM_OFFLINE,urn:li:fsd_jobPosting:4102605135
urn:li:jobPosting:4110501383,false,Senior Operations Manager - Training (18 months contract),[com.linkedin.deco.recipe.anonymous.Anon1578943416],318529402,com.linkedin.voyager.dash.jobs.JobPosting,JOBS_PREMIUM_OFFLINE,urn:li:fsd_jobPosting:4110501383
urn:li:jobPosting:4110055379,false,Deskside Support Technician,[com.linkedin.deco.recipe.anonymous.Anon1578943416],768710880,com.linkedin.voyager.dash.jobs.JobPosting,JOBS_PREMIUM_OFFLINE,urn:li:fsd_jobPosting:4110055379
urn:li:jobPosting:4110054283,false,Hardware Design Engineer,[com.linkedin.deco.recipe.anonymous.Anon1578943416],null,com.linkedin.voyager.dash.jobs.JobPosting,JOBS_CREATE,urn:li:fsd_jobPosting:4110054283
urn:li:jobPosting:4110049267,false,Expert,[com.linkedin.deco.recipe.anonymous.Anon1578943416],109082427,com.linkedin.voyager.dash.jobs.JobPosting,JOBS_PREMIUM,urn:li:fsd_jobPosting:4110049267
urn:li:jobPosting:4110530929,false,Software Engineer for Training AI Data - Python European Languages,[com.linkedin.deco.recipe.anonymous.Anon1578943416],12556957,com.linkedin.voyager.dash.jobs.JobPosting,JOBS_PREMIUM_OFFLINE,urn:li:fsd_jobPosting:4110530929
urn:li:jobPosting:4110876461,false,Diversity and Inclusion Specialist (Cat. II),[com.linkedin.deco.recipe.anonymous.Anon1578943416],1322739583,com.linkedin.voyager.dash.jobs.JobPosting,JOBS_PREMIUM_OFFLINE,urn:li:fsd_jobPosting:4110876461
urn:li:jobPosting:4110886382,false,Senior Growth Product Manager | Hint,[com.linkedin.deco.recipe.anonymous.Anon1578943416],null,com.linkedin.voyager.dash.jobs.JobPosting,JOBS_CREATE,urn:li:fsd_jobPosting:4110886382
urn:li:jobPosting:4110454764,false,DWH Developer,[com.linkedin.deco.recipe.anonymous.Anon1578943416],null,com.linkedin.voyager.dash.jobs.JobPosting,JOBS_CREATE,urn:li:fsd_jobPosting:4110454764
urn:li:jobPosting:4110054951,false,Researcher,[com.linkedin.deco.recipe.anonymous.Anon1578943416],41609048,com.linkedin.voyager.dash.jobs.JobPosting,JOBS_PREMIUM_OFFLINE,urn:li:fsd_jobPosting:4110054951
urn:li:jobPosting:4109686777,false,SEO Engineer (Technical Specialist in Large-Scale Websites & Job Sites) - (Remote - EMEA),[com.linkedin.deco.recipe.anonymous.Anon1578943416],643180190,com.linkedin.voyager.dash.jobs.JobPosting,JOBS_PREMIUM_OFFLINE,urn:li:fsd_jobPosting:4109686777
urn:li:jobPosting:4110880991,false,Quality Assurance Specialist - Digital Trust and Safety,[com.linkedin.deco.recipe.anonymous.Anon1578943416],null,com.linkedin.voyager.dash.jobs.JobPosting,JOBS_CREATE,urn:li:fsd_jobPosting:4110880991
urn:li:jobPosting:4110882929,false,AI & Data Scientist Internship,[com.linkedin.deco.recipe.anonymous.Anon1578943416],1110496096,com.linkedin.voyager.dash.jobs.JobPosting,JOBS_PREMIUM_OFFLINE,urn:li:fsd_jobPosting:4110882929
urn:li:jobPosting:4110865802,false,Learning And Development Specialist with German,[com.linkedin.deco.recipe.anonymous.Anon1578943416],233585773,com.linkedin.voyager.dash.jobs.JobPosting,JOBS_PREMIUM_OFFLINE,urn:li:fsd_jobPosting:4110865802
urn:li:jobPosting:4110534284,false,Sr UI/UX Designer,[com.linkedin.deco.recipe.anonymous.Anon1578943416],974043375,com.linkedin.voyager.dash.jobs.JobPosting,JOBS_PREMIUM_OFFLINE,urn:li:fsd_jobPosting:4110534284
urn:li:jobPosting:4040096647,true,Spanish-English Technical Support Representative – hybrid in Sofia,[com.linkedin.deco.recipe.anonymous.Anon1578943416],219513669,com.linkedin.voyager.dash.jobs.JobPosting,JOBS_CREATE,urn:li:fsd_jobPosting:4040096647
urn:li:jobPosting:4110887609,false,Digital Trust and Safety Analyst with French and English,[com.linkedin.deco.recipe.anonymous.Anon1578943416],1257631249,com.linkedin.voyager.dash.jobs.JobPosting,JOBS_PREMIUM_OFFLINE,urn:li:fsd_jobPosting:4110887609
urn:li:jobPosting:4040096644,true,Italian-English Technical Support Representative – hybrid in Sofia,[com.linkedin.deco.recipe.anonymous.Anon1578943416],219513669,com.linkedin.voyager.dash.jobs.JobPosting,JOBS_CREATE,urn:li:fsd_jobPosting:4040096644
urn:li:jobPosting:4110057223,false,Team Supervisor - Live Gaming,[com.linkedin.deco.recipe.anonymous.Anon1578943416],792213270,com.linkedin.voyager.dash.jobs.JobPosting,JOBS_PREMIUM,urn:li:fsd_jobPosting:4110057223
urn:li:jobPosting:4110843493,false,Cyber Security Internship,[com.linkedin.deco.recipe.anonymous.Anon1578943416],1110496096,com.linkedin.voyager.dash.jobs.JobPosting,JOBS_PREMIUM_OFFLINE,urn:li:fsd_jobPosting:4110843493
urn:li:jobPosting:4110857095,false,Talent Acquisition Specialist,[com.linkedin.deco.recipe.anonymous.Anon1578943416],null,com.linkedin.voyager.dash.jobs.JobPosting,JOBS_CREATE,urn:li:fsd_jobPosting:4110857095
urn:li:jobPosting:4110891891,false,Digital Trust and Safety Analyst with Norwegian and English,[com.linkedin.deco.recipe.anonymous.Anon1578943416],1257631249,com.linkedin.voyager.dash.jobs.JobPosting,JOBS_PREMIUM_OFFLINE,urn:li:fsd_jobPosting:4110891891
urn:li:jobPosting:4109649674,false,Business Development Representative - Spanish market,[com.linkedin.deco.recipe.anonymous.Anon1578943416],97750898,com.linkedin.voyager.dash.jobs.JobPosting,JOBS_PREMIUM_OFFLINE,urn:li:fsd_jobPosting:4109649674
urn:li:jobPosting:4109980819,false,Business - Channel Partner Sales,[com.linkedin.deco.recipe.anonymous.Anon1578943416],197571102,com.linkedin.voyager.dash.jobs.JobPosting,JOBS_PREMIUM_OFFLINE,urn:li:fsd_jobPosting:4109980819
urn:li:jobPosting:4078389048,true,Global Compensation and Benefits Manager (Relocation to Malta),[com.linkedin.deco.recipe.anonymous.Anon1578943416],435912334,com.linkedin.voyager.dash.jobs.JobPosting,JOBS_PREMIUM_OFFLINE,urn:li:fsd_jobPosting:4078389048
urn:li:jobPosting:4110436809,false,Full Stack Engineer Internship,[com.linkedin.deco.recipe.anonymous.Anon1578943416],1110496096,com.linkedin.voyager.dash.jobs.JobPosting,JOBS_PREMIUM_OFFLINE,urn:li:fsd_jobPosting:4110436809
urn:li:jobPosting:4109634863,false,Growth Product Manager - Monetization & Experimentation,[com.linkedin.deco.recipe.anonymous.Anon1578943416],null,com.linkedin.voyager.dash.jobs.JobPosting,JOBS_CREATE,urn:li:fsd_jobPosting:4109634863
urn:li:jobPosting:4110054214,false,Експерт кораборемонт,[com.linkedin.deco.recipe.anonymous.Anon1578943416],988795477,com.linkedin.voyager.dash.jobs.JobPosting,JOBS_PREMIUM,urn:li:fsd_jobPosting:4110054214
urn:li:jobPosting:4110492747,false,Penetration Tester,[com.linkedin.deco.recipe.anonymous.Anon1578943416],265125170,com.linkedin.voyager.dash.jobs.JobPosting,JOBS_PREMIUM_OFFLINE,urn:li:fsd_jobPosting:4110492747
urn:li:jobPosting:4110238781,false,Content Marketing Specialist (remote),[com.linkedin.deco.recipe.anonymous.Anon1578943416],null,com.linkedin.voyager.dash.jobs.JobPosting,JOBS_CREATE,urn:li:fsd_jobPosting:4110238781
urn:li:jobPosting:4106244267,true,Senior Backend Engineer (PHP>Node.js),[com.linkedin.deco.recipe.anonymous.Anon1578943416],59872107,com.linkedin.voyager.dash.jobs.JobPosting,JOBS_PREMIUM_OFFLINE,urn:li:fsd_jobPosting:4106244267
urn:li:jobPosting:4110055512,false,Finance Manager,[com.linkedin.deco.recipe.anonymous.Anon1578943416],29686323,com.linkedin.voyager.dash.jobs.JobPosting,JOBS_PREMIUM_OFFLINE,urn:li:fsd_jobPosting:4110055512
urn:li:jobPosting:4110445303,false,Lead Developer - SaaS & Microservices Expert,[com.linkedin.deco.recipe.anonymous.Anon1578943416],35743513,com.linkedin.voyager.dash.jobs.JobPosting,JOBS_PREMIUM_OFFLINE,urn:li:fsd_jobPosting:4110445303
urn:li:jobPosting:4110539809,false,Technical Lead (Full Stack) - AI Team,[com.linkedin.deco.recipe.anonymous.Anon1578943416],623742232,com.linkedin.voyager.dash.jobs.JobPosting,JOBS_PREMIUM_OFFLINE,urn:li:fsd_jobPosting:4110539809
urn:li:jobPosting:4110888169,false,Cyber Security Study & Internship,[com.linkedin.deco.recipe.anonymous.Anon1578943416],1110496096,com.linkedin.voyager.dash.jobs.JobPosting,JOBS_PREMIUM_OFFLINE,urn:li:fsd_jobPosting:4110888169
urn:li:jobPosting:4110536168,false,Senior AI Engineer (€85K - €105K),[com.linkedin.deco.recipe.anonymous.Anon1578943416],866034567,com.linkedin.voyager.dash.jobs.JobPosting,JOBS_PREMIUM_OFFLINE,urn:li:fsd_jobPosting:4110536168
urn:li:jobPosting:4110894516,false,Delivery Manager,[com.linkedin.deco.recipe.anonymous.Anon1578943416],236394131,com.linkedin.voyager.dash.jobs.JobPosting,JOBS_PREMIUM_OFFLINE,urn:li:fsd_jobPosting:4110894516
urn:li:jobPosting:4110241229,false,Senior Full-Stack Developer,[com.linkedin.deco.recipe.anonymous.Anon1578943416],445226234,com.linkedin.voyager.dash.jobs.JobPosting,JOBS_PREMIUM_OFFLINE,urn:li:fsd_jobPosting:4110241229
urn:li:jobPosting:4110871765,false,Application Security Expert,[com.linkedin.deco.recipe.anonymous.Anon1578943416],29022383,com.linkedin.voyager.dash.jobs.JobPosting,JOBS_PREMIUM,urn:li:fsd_jobPosting:4110871765
urn:li:jobPosting:4102480575,true,Associate Investigator Grant Analyst,[com.linkedin.deco.recipe.anonymous.Anon1578943416],238087500,com.linkedin.voyager.dash.jobs.JobPosting,JOBS_CREATE,urn:li:fsd_jobPosting:4102480575
urn:li:jobPosting:4110893652,false,WW SDL Coordinator,[com.linkedin.deco.recipe.anonymous.Anon1578943416],444744334,com.linkedin.voyager.dash.jobs.JobPosting,JOBS_PREMIUM_OFFLINE,urn:li:fsd_jobPosting:4110893652
urn:li:jobPosting:4110483045,false,Data Analytics Internship,[com.linkedin.deco.recipe.anonymous.Anon1578943416],1110496096,com.linkedin.voyager.dash.jobs.JobPosting,JOBS_PREMIUM_OFFLINE,urn:li:fsd_jobPosting:4110483045
urn:li:jobPosting:4110856183,false,Административен асистент Фабрика,[com.linkedin.deco.recipe.anonymous.Anon1578943416],null,com.linkedin.voyager.dash.jobs.JobPosting,JOBS_CREATE,urn:li:fsd_jobPosting:4110856183
urn:li:jobPosting:4110856184,false,Плановик снабдяване с директни материали,[com.linkedin.deco.recipe.anonymous.Anon1578943416],null,com.linkedin.voyager.dash.jobs.JobPosting,JOBS_CREATE,urn:li:fsd_jobPosting:4110856184
urn:li:jobPosting:4110830344,false,Data Science & AI Internship,[com.linkedin.deco.recipe.anonymous.Anon1578943416],1110496096,com.linkedin.voyager.dash.jobs.JobPosting,JOBS_PREMIUM_OFFLINE,urn:li:fsd_jobPosting:4110830344
urn:li:jobPosting:4110435656,false,DevOps Engineering Training and Internship Program,[com.linkedin.deco.recipe.anonymous.Anon1578943416],1110496096,com.linkedin.voyager.dash.jobs.JobPosting,JOBS_PREMIUM_OFFLINE,urn:li:fsd_jobPosting:4110435656
urn:li:jobPosting:4110861970,false,AI & Data Science Training & Internship,[com.linkedin.deco.recipe.anonymous.Anon1578943416],1110496096,com.linkedin.voyager.dash.jobs.JobPosting,JOBS_PREMIUM_OFFLINE,urn:li:fsd_jobPosting:4110861970
urn:li:jobPosting:4110256965,false,Unity Developer,[com.linkedin.deco.recipe.anonymous.Anon1578943416],null,com.linkedin.voyager.dash.jobs.JobPosting,JOBS_CREATE,urn:li:fsd_jobPosting:4110256965
urn:li:jobPosting:4109686589,false,Knowledge Management Specialist - Retainer,[com.linkedin.deco.recipe.anonymous.Anon1578943416],299175215,com.linkedin.voyager.dash.jobs.JobPosting,JOBS_PREMIUM_OFFLINE,urn:li:fsd_jobPosting:4109686589
urn:li:jobPosting:4110876206,false,Data Science Internship,[com.linkedin.deco.recipe.anonymous.Anon1578943416],1110496096,com.linkedin.voyager.dash.jobs.JobPosting,JOBS_PREMIUM_OFFLINE,urn:li:fsd_jobPosting:4110876206
urn:li:jobPosting:4110029082,false,Business Analytics and Development Expert,[com.linkedin.deco.recipe.anonymous.Anon1578943416],177511113,com.linkedin.voyager.dash.jobs.JobPosting,JOBS_PREMIUM,urn:li:fsd_jobPosting:4110029082
urn:li:jobPosting:4106209187,true,Product Marketer,[com.linkedin.deco.recipe.anonymous.Anon1578943416],253757915,com.linkedin.voyager.dash.jobs.JobPosting,JOBS_PREMIUM_OFFLINE,urn:li:fsd_jobPosting:4106209187
urn:li:jobPosting:4102478608,true,Senior Smart Automation Developer,[com.linkedin.deco.recipe.anonymous.Anon1578943416],238087500,com.linkedin.voyager.dash.jobs.JobPosting,JOBS_CREATE,urn:li:fsd_jobPosting:4102478608
urn:li:jobPosting:4110456361,false,General Manager,[com.linkedin.deco.recipe.anonymous.Anon1578943416],null,com.linkedin.voyager.dash.jobs.JobPosting,JOBS_CREATE,urn:li:fsd_jobPosting:4110456361
urn:li:jobPosting:4110537233,false,Begeleider EMB Oud,[com.linkedin.deco.recipe.anonymous.Anon1578943416],3535256,com.linkedin.voyager.dash.jobs.JobPosting,JOBS_PREMIUM_OFFLINE,urn:li:fsd_jobPosting:4110537233
urn:li:jobPosting:4110017791,false,Senior Mobile QA Engineer,[com.linkedin.deco.recipe.anonymous.Anon1578943416],830054236,com.linkedin.voyager.dash.jobs.JobPosting,JOBS_PREMIUM,urn:li:fsd_jobPosting:4110017791
urn:li:jobPosting:4110443526,false,Managing Partner,[com.linkedin.deco.recipe.anonymous.Anon1578943416],1349323906,com.linkedin.voyager.dash.jobs.JobPosting,JOBS_PREMIUM,urn:li:fsd_jobPosting:4110443526
urn:li:jobPosting:4098273487,true,Senior Data Engineer,[com.linkedin.deco.recipe.anonymous.Anon1578943416],621918027,com.linkedin.voyager.dash.jobs.JobPosting,JOBS_PREMIUM_OFFLINE,urn:li:fsd_jobPosting:4098273487
urn:li:jobPosting:4110049126,false,Digital Sales Account Specialist with German,[com.linkedin.deco.recipe.anonymous.Anon1578943416],893823292,com.linkedin.voyager.dash.jobs.JobPosting,JOBS_PREMIUM,urn:li:fsd_jobPosting:4110049126
urn:li:jobPosting:4110529967,false,Senior Full Stack Developer (Django/Angular) (€85K - €105K),[com.linkedin.deco.recipe.anonymous.Anon1578943416],866034567,com.linkedin.voyager.dash.jobs.JobPosting,JOBS_PREMIUM_OFFLINE,urn:li:fsd_jobPosting:4110529967
urn:li:jobPosting:4110864938,false,Service Delivery Manager,[com.linkedin.deco.recipe.anonymous.Anon1578943416],583278452,com.linkedin.voyager.dash.jobs.JobPosting,JOBS_PREMIUM_OFFLINE,urn:li:fsd_jobPosting:4110864938
urn:li:jobPosting:4110057471,false,Junior+ Finance Manager,[com.linkedin.deco.recipe.anonymous.Anon1578943416],275124022,com.linkedin.voyager.dash.jobs.JobPosting,JOBS_PREMIUM,urn:li:fsd_jobPosting:4110057471
urn:li:jobPosting:4110898273,false,Lead Software Engineer (.Net),[com.linkedin.deco.recipe.anonymous.Anon1578943416],236394131,com.linkedin.voyager.dash.jobs.JobPosting,JOBS_PREMIUM_OFFLINE,urn:li:fsd_jobPosting:4110898273
urn:li:jobPosting:4110266485,false,Email Marketing Manager,[com.linkedin.deco.recipe.anonymous.Anon1578943416],null,com.linkedin.voyager.dash.jobs.JobPosting,JOBS_CREATE,urn:li:fsd_jobPosting:4110266485
urn:li:jobPosting:4110060877,false,Business-Kundenberater für ein neues B2B Projekt mit deutscher Sprache (m/w/d),[com.linkedin.deco.recipe.anonymous.Anon1578943416],null,com.linkedin.voyager.dash.jobs.JobPosting,JOBS_CREATE,urn:li:fsd_jobPosting:4110060877
urn:li:jobPosting:4110434708,false,AI & Data Engineering Training & Internship,[com.linkedin.deco.recipe.anonymous.Anon1578943416],1110496096,com.linkedin.voyager.dash.jobs.JobPosting,JOBS_PREMIUM_OFFLINE,urn:li:fsd_jobPosting:4110434708
urn:li:jobPosting:4110455403,false,Инспектор качество,[com.linkedin.deco.recipe.anonymous.Anon1578943416],null,com.linkedin.voyager.dash.jobs.JobPosting,JOBS_CREATE,urn:li:fsd_jobPosting:4110455403
urn:li:jobPosting:4110455407,false,SAP MM Consultant,[com.linkedin.deco.recipe.anonymous.Anon1578943416],null,com.linkedin.voyager.dash.jobs.JobPosting,JOBS_CREATE,urn:li:fsd_jobPosting:4110455407
urn:li:jobPosting:4110057481,false,Deputy Chief Investment Officer (CIO) - Job Based Onsite in Dubai,[com.linkedin.deco.recipe.anonymous.Anon1578943416],689265617,com.linkedin.voyager.dash.jobs.JobPosting,JOBS_PREMIUM_OFFLINE,urn:li:fsd_jobPosting:4110057481
urn:li:jobPosting:4110847759,false,Oracle Infrastructure Architect,[com.linkedin.deco.recipe.anonymous.Anon1578943416],728154251,com.linkedin.voyager.dash.jobs.JobPosting,JOBS_PREMIUM_OFFLINE,urn:li:fsd_jobPosting:4110847759
urn:li:jobPosting:4110436220,false,Data Science & AI Internship,[com.linkedin.deco.recipe.anonymous.Anon1578943416],1110496096,com.linkedin.voyager.dash.jobs.JobPosting,JOBS_PREMIUM_OFFLINE,urn:li:fsd_jobPosting:4110436220
urn:li:jobPosting:4110240548,false,Customer Support Specialist,[com.linkedin.deco.recipe.anonymous.Anon1578943416],9482153,com.linkedin.voyager.dash.jobs.JobPosting,JOBS_PREMIUM_OFFLINE,urn:li:fsd_jobPosting:4110240548
urn:li:jobPosting:4110540375,false,Sportsbook Content Executive - Bulgarian Speaking - 12 month FTC,[com.linkedin.deco.recipe.anonymous.Anon1578943416],null,com.linkedin.voyager.dash.jobs.JobPosting,JOBS_CREATE,urn:li:fsd_jobPosting:4110540375
urn:li:jobPosting:3922234212,true,Business Partner Client Acquisition in Executive Search,[com.linkedin.deco.recipe.anonymous.Anon1578943416],350264513,com.linkedin.voyager.dash.jobs.JobPosting,JOBS_PREMIUM_OFFLINE,urn:li:fsd_jobPosting:3922234212
urn:li:jobPosting:4110505612,false,Sales Representative in Sofia,[com.linkedin.deco.recipe.anonymous.Anon1578943416],null,com.linkedin.voyager.dash.jobs.JobPosting,JOBS_CREATE,urn:li:fsd_jobPosting:4110505612
urn:li:jobPosting:4110878691,false,Data Analytics Intern,[com.linkedin.deco.recipe.anonymous.Anon1578943416],1110496096,com.linkedin.voyager.dash.jobs.JobPosting,JOBS_PREMIUM_OFFLINE,urn:li:fsd_jobPosting:4110878691
urn:li:jobPosting:4110060627,false,Chief Revenue Officer / 2853631,[com.linkedin.deco.recipe.anonymous.Anon1578943416],36625218,com.linkedin.voyager.dash.jobs.JobPosting,JOBS_PREMIUM_OFFLINE,urn:li:fsd_jobPosting:4110060627
urn:li:jobPosting:4109970458,false,Mobile User Acquisition Manager,[com.linkedin.deco.recipe.anonymous.Anon1578943416],666618125,com.linkedin.voyager.dash.jobs.JobPosting,JOBS_PREMIUM_OFFLINE,urn:li:fsd_jobPosting:4109970458
urn:li:jobPosting:4109998461,false,Stage Manager / Director,[com.linkedin.deco.recipe.anonymous.Anon1578943416],589676215,com.linkedin.voyager.dash.jobs.JobPosting,JOBS_PREMIUM_OFFLINE,urn:li:fsd_jobPosting:4109998461
urn:li:jobPosting:4056200080,true,UI Artist for Games,[com.linkedin.deco.recipe.anonymous.Anon1578943416],561143364,com.linkedin.voyager.dash.jobs.JobPosting,JOBS_PREMIUM_OFFLINE,urn:li:fsd_jobPosting:4056200080
urn:li:jobPosting:4101115181,true,Production Supervisor,[com.linkedin.deco.recipe.anonymous.Anon1578943416],12296564,com.linkedin.voyager.dash.jobs.JobPosting,JOBS_CREATE,urn:li:fsd_jobPosting:4101115181
urn:li:jobPosting:4107891804,true,B2B Growth Marketing Specialist - Contractor (Remote - EMEA),[com.linkedin.deco.recipe.anonymous.Anon1578943416],643180190,com.linkedin.voyager.dash.jobs.JobPosting,JOBS_CREATE,urn:li:fsd_jobPosting:4107891804
urn:li:jobPosting:4110017718,false,Optimizely (Job location Latvia Riga),[com.linkedin.deco.recipe.anonymous.Anon1578943416],1028683372,com.linkedin.voyager.dash.jobs.JobPosting,JOBS_PREMIUM_OFFLINE,urn:li:fsd_jobPosting:4110017718
urn:li:jobPosting:4073768383,true,Workday Data Lead - EMEA Based (remote role) - Contract /FTC 12 months,[com.linkedin.deco.recipe.anonymous.Anon1578943416],8867740,com.linkedin.voyager.dash.jobs.JobPosting,JOBS_PREMIUM_OFFLINE,urn:li:fsd_jobPosting:4073768383
urn:li:jobPosting:4110262714,false,Marketing Data Analyst,[com.linkedin.deco.recipe.anonymous.Anon1578943416],null,com.linkedin.voyager.dash.jobs.JobPosting,JOBS_CREATE,urn:li:fsd_jobPosting:4110262714
urn:li:jobPosting:4110262716,false,Email Marketing Coordinator,[com.linkedin.deco.recipe.anonymous.Anon1578943416],null,com.linkedin.voyager.dash.jobs.JobPosting,JOBS_CREATE,urn:li:fsd_jobPosting:4110262716
urn:li:jobPosting:4110056789,false,Researcher,[com.linkedin.deco.recipe.anonymous.Anon1578943416],41609048,com.linkedin.voyager.dash.jobs.JobPosting,JOBS_PREMIUM_OFFLINE,urn:li:fsd_jobPosting:4110056789
urn:li:jobPosting:4105999158,true,Human Resources Analyst (Must: HR background) - Relocation to Malta ,[com.linkedin.deco.recipe.anonymous.Anon1578943416],435912334,com.linkedin.voyager.dash.jobs.JobPosting,JOBS_PREMIUM_OFFLINE,urn:li:fsd_jobPosting:4105999158
urn:li:jobPosting:4110022890,false,Project Manager,[com.linkedin.deco.recipe.anonymous.Anon1578943416],439528955,com.linkedin.voyager.dash.jobs.JobPosting,JOBS_PREMIUM_OFFLINE,urn:li:fsd_jobPosting:4110022890
urn:li:jobPosting:4110058177,false,Partnership Implementation Manager,[com.linkedin.deco.recipe.anonymous.Anon1578943416],750840658,com.linkedin.voyager.dash.jobs.JobPosting,JOBS_PREMIUM_OFFLINE,urn:li:fsd_jobPosting:4110058177
urn:li:jobPosting:4057789849,true,Depositary Support Officer,[com.linkedin.deco.recipe.anonymous.Anon1578943416],14803247,com.linkedin.voyager.dash.jobs.JobPosting,JOBS_CREATE,urn:li:fsd_jobPosting:4057789849
urn:li:jobPosting:4110884710,false,CEO/Managing Director,[com.linkedin.deco.recipe.anonymous.Anon1578943416],null,com.linkedin.voyager.dash.jobs.JobPosting,JOBS_CREATE,urn:li:fsd_jobPosting:4110884710
urn:li:jobPosting:4110480211,false,Data Analytics Internship,[com.linkedin.deco.recipe.anonymous.Anon1578943416],1110496096,com.linkedin.voyager.dash.jobs.JobPosting,JOBS_PREMIUM_OFFLINE,urn:li:fsd_jobPosting:4110480211
urn:li:jobPosting:4098209664,true,HR Administrator - IT Agency,[com.linkedin.deco.recipe.anonymous.Anon1578943416],1082622501,com.linkedin.voyager.dash.jobs.JobPosting,JOBS_PREMIUM_OFFLINE,urn:li:fsd_jobPosting:4098209664
urn:li:jobPosting:4110457328,false,Application Administrator (Salesforce Experience Cloud),[com.linkedin.deco.recipe.anonymous.Anon1578943416],null,com.linkedin.voyager.dash.jobs.JobPosting,JOBS_CREATE,urn:li:fsd_jobPosting:4110457328
urn:li:jobPosting:4110879012,false,Full Stack Engineer Internship,[com.linkedin.deco.recipe.anonymous.Anon1578943416],1110496096,com.linkedin.voyager.dash.jobs.JobPosting,JOBS_PREMIUM_OFFLINE,urn:li:fsd_jobPosting:4110879012
urn:li:jobPosting:4110057624,false,Researcher,[com.linkedin.deco.recipe.anonymous.Anon1578943416],41609048,com.linkedin.voyager.dash.jobs.JobPosting,JOBS_PREMIUM_OFFLINE,urn:li:fsd_jobPosting:4110057624
urn:li:jobPosting:4109695618,false,Landscape Architect,[com.linkedin.deco.recipe.anonymous.Anon1578943416],101809452,com.linkedin.voyager.dash.jobs.JobPosting,JOBS_PREMIUM,urn:li:fsd_jobPosting:4109695618
urn:li:jobPosting:4110467267,false,Data Analytics Internship,[com.linkedin.deco.recipe.anonymous.Anon1578943416],1110496096,com.linkedin.voyager.dash.jobs.JobPosting,JOBS_PREMIUM_OFFLINE,urn:li:fsd_jobPosting:4110467267
urn:li:jobPosting:4084199829,true,Sales Consultant  (m/w/d) - Homeoffice,[com.linkedin.deco.recipe.anonymous.Anon1578943416],1064933,com.linkedin.voyager.dash.jobs.JobPosting,JOBS_PREMIUM_OFFLINE,urn:li:fsd_jobPosting:4084199829
urn:li:jobPosting:4110878988,false,Cyber Security Internship,[com.linkedin.deco.recipe.anonymous.Anon1578943416],1110496096,com.linkedin.voyager.dash.jobs.JobPosting,JOBS_PREMIUM_OFFLINE,urn:li:fsd_jobPosting:4110878988
urn:li:jobPosting:4110484959,false,Penetration Tester,[com.linkedin.deco.recipe.anonymous.Anon1578943416],265125170,com.linkedin.voyager.dash.jobs.JobPosting,JOBS_PREMIUM_OFFLINE,urn:li:fsd_jobPosting:4110484959
urn:li:jobPosting:4110882588,false,Cyber Security Internship,[com.linkedin.deco.recipe.anonymous.Anon1578943416],1110496096,com.linkedin.voyager.dash.jobs.JobPosting,JOBS_PREMIUM_OFFLINE,urn:li:fsd_jobPosting:4110882588
urn:li:jobPosting:4110048946,false,UKG Cluster Lead,[com.linkedin.deco.recipe.anonymous.Anon1578943416],926662265,com.linkedin.voyager.dash.jobs.JobPosting,JOBS_PREMIUM_OFFLINE,urn:li:fsd_jobPosting:4110048946
urn:li:jobPosting:4110526211,false,Vehicle Mechanic,[com.linkedin.deco.recipe.anonymous.Anon1578943416],951563516,com.linkedin.voyager.dash.jobs.JobPosting,JOBS_PREMIUM,urn:li:fsd_jobPosting:4110526211
urn:li:jobPosting:4110884090,false,Cyber Security Internship,[com.linkedin.deco.recipe.anonymous.Anon1578943416],1110496096,com.linkedin.voyager.dash.jobs.JobPosting,JOBS_PREMIUM_OFFLINE,urn:li:fsd_jobPosting:4110884090
urn:li:jobPosting:4110897831,false,Cyber Security Study & Internship,[com.linkedin.deco.recipe.anonymous.Anon1578943416],1110496096,com.linkedin.voyager.dash.jobs.JobPosting,JOBS_PREMIUM_OFFLINE,urn:li:fsd_jobPosting:4110897831
urn:li:jobPosting:4110206454,false,Engineering Manager - PCB Design Delivery,[com.linkedin.deco.recipe.anonymous.Anon1578943416],null,com.linkedin.voyager.dash.jobs.JobPosting,JOBS_CREATE,urn:li:fsd_jobPosting:4110206454
urn:li:jobPosting:4110869276,false,Cybersecurity Intern,[com.linkedin.deco.recipe.anonymous.Anon1578943416],1110496096,com.linkedin.voyager.dash.jobs.JobPosting,JOBS_PREMIUM_OFFLINE,urn:li:fsd_jobPosting:4110869276
urn:li:jobPosting:4110860581,false,Data Science Intern,[com.linkedin.deco.recipe.anonymous.Anon1578943416],1110496096,com.linkedin.voyager.dash.jobs.JobPosting,JOBS_PREMIUM_OFFLINE,urn:li:fsd_jobPosting:4110860581
urn:li:jobPosting:4110455406,false,Partnerships Manager,[com.linkedin.deco.recipe.anonymous.Anon1578943416],null,com.linkedin.voyager.dash.jobs.JobPosting,JOBS_CREATE,urn:li:fsd_jobPosting:4110455406
urn:li:jobPosting:4110850242,false,Sales Director - Semiconductor Industry,[com.linkedin.deco.recipe.anonymous.Anon1578943416],728154251,com.linkedin.voyager.dash.jobs.JobPosting,JOBS_PREMIUM_OFFLINE,urn:li:fsd_jobPosting:4110850242
urn:li:jobPosting:4109688396,false,Sr. Specialist Costing/Pricing,[com.linkedin.deco.recipe.anonymous.Anon1578943416],null,com.linkedin.voyager.dash.jobs.JobPosting,JOBS_CREATE,urn:li:fsd_jobPosting:4109688396
urn:li:jobPosting:4110452921,false,HR Expert,[com.linkedin.deco.recipe.anonymous.Anon1578943416],null,com.linkedin.voyager.dash.jobs.JobPosting,JOBS_CREATE,urn:li:fsd_jobPosting:4110452921
urn:li:jobPosting:4110065513,false,LYNK & CO and GEELY SALES DEALER NETWORK COORDINATOR,[com.linkedin.deco.recipe.anonymous.Anon1578943416],229808833,com.linkedin.voyager.dash.jobs.JobPosting,JOBS_PREMIUM,urn:li:fsd_jobPosting:4110065513
urn:li:jobPosting:4110880885,false,Cyber Security Internship,[com.linkedin.deco.recipe.anonymous.Anon1578943416],1110496096,com.linkedin.voyager.dash.jobs.JobPosting,JOBS_PREMIUM_OFFLINE,urn:li:fsd_jobPosting:4110880885
urn:li:jobPosting:4110877916,false,Cyber Security Internship,[com.linkedin.deco.recipe.anonymous.Anon1578943416],1110496096,com.linkedin.voyager.dash.jobs.JobPosting,JOBS_PREMIUM_OFFLINE,urn:li:fsd_jobPosting:4110877916
urn:li:jobPosting:4109636066,false,Advertising Specialist,[com.linkedin.deco.recipe.anonymous.Anon1578943416],569286798,com.linkedin.voyager.dash.jobs.JobPosting,JOBS_PREMIUM_OFFLINE,urn:li:fsd_jobPosting:4109636066
urn:li:jobPosting:4110458135,false,Pre-sales Project Coordinator,[com.linkedin.deco.recipe.anonymous.Anon1578943416],null,com.linkedin.voyager.dash.jobs.JobPosting,JOBS_CREATE,urn:li:fsd_jobPosting:4110458135
urn:li:jobPosting:4110884571,false,AI & Data Science Training & Internship,[com.linkedin.deco.recipe.anonymous.Anon1578943416],1110496096,com.linkedin.voyager.dash.jobs.JobPosting,JOBS_PREMIUM_OFFLINE,urn:li:fsd_jobPosting:4110884571
urn:li:jobPosting:4110440989,false,Bölge Sorumlusu / İstanbul,[com.linkedin.deco.recipe.anonymous.Anon1578943416],null,com.linkedin.voyager.dash.jobs.JobPosting,JOBS_CREATE,urn:li:fsd_jobPosting:4110440989
urn:li:jobPosting:4109640189,false,Enjeksiyon operatörü,[com.linkedin.deco.recipe.anonymous.Anon1578943416],178236455,com.linkedin.voyager.dash.jobs.JobPosting,JOBS_PREMIUM,urn:li:fsd_jobPosting:4109640189
urn:li:jobPosting:4094432631,false,Medical Aesthetician,[com.linkedin.deco.recipe.anonymous.Anon1578943416],418760137,com.linkedin.voyager.dash.jobs.JobPosting,JOBS_PREMIUM,urn:li:fsd_jobPosting:4094432631
urn:li:jobPosting:4110841626,false,Data Analytics Internship,[com.linkedin.deco.recipe.anonymous.Anon1578943416],1110496096,com.linkedin.voyager.dash.jobs.JobPosting,JOBS_PREMIUM_OFFLINE,urn:li:fsd_jobPosting:4110841626
urn:li:jobPosting:4110883380,false,Cyber Security Internship,[com.linkedin.deco.recipe.anonymous.Anon1578943416],1110496096,com.linkedin.voyager.dash.jobs.JobPosting,JOBS_PREMIUM_OFFLINE,urn:li:fsd_jobPosting:4110883380
urn:li:jobPosting:4102475987,true,Sr Manager Privacy,[com.linkedin.deco.recipe.anonymous.Anon1578943416],238087500,com.linkedin.voyager.dash.jobs.JobPosting,JOBS_CREATE,urn:li:fsd_jobPosting:4102475987
urn:li:jobPosting:4110875651,false,Chief/Senior Legal advisor - Ref No DZI1115,[com.linkedin.deco.recipe.anonymous.Anon1578943416],228599292,com.linkedin.voyager.dash.jobs.JobPosting,JOBS_PREMIUM_OFFLINE,urn:li:fsd_jobPosting:4110875651
urn:li:jobPosting:4110242136,false,Cyber Security Internship,[com.linkedin.deco.recipe.anonymous.Anon1578943416],1110496096,com.linkedin.voyager.dash.jobs.JobPosting,JOBS_PREMIUM_OFFLINE,urn:li:fsd_jobPosting:4110242136
urn:li:jobPosting:4110888043,false,Cyber Security Internship,[com.linkedin.deco.recipe.anonymous.Anon1578943416],1110496096,com.linkedin.voyager.dash.jobs.JobPosting,JOBS_PREMIUM_OFFLINE,urn:li:fsd_jobPosting:4110888043
urn:li:jobPosting:4109986156,false,Directeur industriel Bois/KIT (ce poste est basé au Maroc),[com.linkedin.deco.recipe.anonymous.Anon1578943416],287543148,com.linkedin.voyager.dash.jobs.JobPosting,JOBS_PREMIUM_OFFLINE,urn:li:fsd_jobPosting:4109986156
urn:li:jobPosting:4110486059,false,Data Science Internship,[com.linkedin.deco.recipe.anonymous.Anon1578943416],1110496096,com.linkedin.voyager.dash.jobs.JobPosting,JOBS_PREMIUM_OFFLINE,urn:li:fsd_jobPosting:4110486059
urn:li:jobPosting:4110262750,false,Retention Manager,[com.linkedin.deco.recipe.anonymous.Anon1578943416],null,com.linkedin.voyager.dash.jobs.JobPosting,JOBS_CREATE,urn:li:fsd_jobPosting:4110262750
urn:li:jobPosting:4110283415,false,Lifecycle Marketing Manager,[com.linkedin.deco.recipe.anonymous.Anon1578943416],null,com.linkedin.voyager.dash.jobs.JobPosting,JOBS_CREATE,urn:li:fsd_jobPosting:4110283415
urn:li:jobPosting:4110446404,false,Senior UI/UX Designer - SaaS & Product Design,[com.linkedin.deco.recipe.anonymous.Anon1578943416],35743513,com.linkedin.voyager.dash.jobs.JobPosting,JOBS_PREMIUM_OFFLINE,urn:li:fsd_jobPosting:4110446404
urn:li:jobPosting:4106905849,true,Senior Python Developer/Data Engineer,[com.linkedin.deco.recipe.anonymous.Anon1578943416],621918027,com.linkedin.voyager.dash.jobs.JobPosting,JOBS_PREMIUM_OFFLINE,urn:li:fsd_jobPosting:4106905849
urn:li:jobPosting:4110854564,false,AI & Data Science Internship,[com.linkedin.deco.recipe.anonymous.Anon1578943416],1110496096,com.linkedin.voyager.dash.jobs.JobPosting,JOBS_PREMIUM_OFFLINE,urn:li:fsd_jobPosting:4110854564
urn:li:jobPosting:4110472713,false,Data Analytics Intern,[com.linkedin.deco.recipe.anonymous.Anon1578943416],1110496096,com.linkedin.voyager.dash.jobs.JobPosting,JOBS_PREMIUM_OFFLINE,urn:li:fsd_jobPosting:4110472713
urn:li:jobPosting:4110442500,false,Data Analytics Internship,[com.linkedin.deco.recipe.anonymous.Anon1578943416],1110496096,com.linkedin.voyager.dash.jobs.JobPosting,JOBS_PREMIUM_OFFLINE,urn:li:fsd_jobPosting:4110442500
urn:li:jobPosting:4110865650,false,AI & Data Scientist Study & Internship,[com.linkedin.deco.recipe.anonymous.Anon1578943416],1110496096,com.linkedin.voyager.dash.jobs.JobPosting,JOBS_PREMIUM_OFFLINE,urn:li:fsd_jobPosting:4110865650
urn:li:jobPosting:4110437151,false,Digital Marketing Training & Internship,[com.linkedin.deco.recipe.anonymous.Anon1578943416],1110496096,com.linkedin.voyager.dash.jobs.JobPosting,JOBS_PREMIUM_OFFLINE,urn:li:fsd_jobPosting:4110437151
urn:li:jobPosting:4110236443,false,Cyber Security Internship,[com.linkedin.deco.recipe.anonymous.Anon1578943416],1110496096,com.linkedin.voyager.dash.jobs.JobPosting,JOBS_PREMIUM_OFFLINE,urn:li:fsd_jobPosting:4110236443
urn:li:jobPosting:4110435898,false,AI & Data Scientist Study & Internship,[com.linkedin.deco.recipe.anonymous.Anon1578943416],1110496096,com.linkedin.voyager.dash.jobs.JobPosting,JOBS_PREMIUM_OFFLINE,urn:li:fsd_jobPosting:4110435898
urn:li:jobPosting:4110457327,false,Strategic Account Manager,[com.linkedin.deco.recipe.anonymous.Anon1578943416],null,com.linkedin.voyager.dash.jobs.JobPosting,JOBS_CREATE,urn:li:fsd_jobPosting:4110457327
urn:li:jobPosting:4110890054,false,Cyber Security Training & Intern,[com.linkedin.deco.recipe.anonymous.Anon1578943416],1110496096,com.linkedin.voyager.dash.jobs.JobPosting,JOBS_PREMIUM_OFFLINE,urn:li:fsd_jobPosting:4110890054
urn:li:jobPosting:4110066319,false,Construction Project Manager,[com.linkedin.deco.recipe.anonymous.Anon1578943416],430643784,com.linkedin.voyager.dash.jobs.JobPosting,JOBS_PREMIUM,urn:li:fsd_jobPosting:4110066319
urn:li:jobPosting:4110054239,false,UKG Technical Architect,[com.linkedin.deco.recipe.anonymous.Anon1578943416],926662265,com.linkedin.voyager.dash.jobs.JobPosting,JOBS_PREMIUM_OFFLINE,urn:li:fsd_jobPosting:4110054239
urn:li:jobPosting:4109699657,false,Senior SAP GTS Consultant,[com.linkedin.deco.recipe.anonymous.Anon1578943416],504303771,com.linkedin.voyager.dash.jobs.JobPosting,JOBS_PREMIUM_OFFLINE,urn:li:fsd_jobPosting:4109699657
urn:li:jobPosting:4110456362,false,Administrative & HR Coordinator,[com.linkedin.deco.recipe.anonymous.Anon1578943416],null,com.linkedin.voyager.dash.jobs.JobPosting,JOBS_CREATE,urn:li:fsd_jobPosting:4110456362
urn:li:jobPosting:4110457330,false,Техник механик мебелно производство,[com.linkedin.deco.recipe.anonymous.Anon1578943416],null,com.linkedin.voyager.dash.jobs.JobPosting,JOBS_CREATE,urn:li:fsd_jobPosting:4110457330
urn:li:jobPosting:4110456360,false,Senior SAP FI/CO Consultant,[com.linkedin.deco.recipe.anonymous.Anon1578943416],null,com.linkedin.voyager.dash.jobs.JobPosting,JOBS_CREATE,urn:li:fsd_jobPosting:4110456360
urn:li:jobPosting:4110457332,false,Hotel Manager,[com.linkedin.deco.recipe.anonymous.Anon1578943416],null,com.linkedin.voyager.dash.jobs.JobPosting,JOBS_CREATE,urn:li:fsd_jobPosting:4110457332
urn:li:jobPosting:4110456363,false,Dynamics 365 Finance Consultant,[com.linkedin.deco.recipe.anonymous.Anon1578943416],null,com.linkedin.voyager.dash.jobs.JobPosting,JOBS_CREATE,urn:li:fsd_jobPosting:4110456363
urn:li:jobPosting:4110454763,false,Dynamics 365 F&O Supply Chain Consultant,[com.linkedin.deco.recipe.anonymous.Anon1578943416],null,com.linkedin.voyager.dash.jobs.JobPosting,JOBS_CREATE,urn:li:fsd_jobPosting:4110454763
urn:li:jobPosting:4110841673,false,Data Science Intern,[com.linkedin.deco.recipe.anonymous.Anon1578943416],1110496096,com.linkedin.voyager.dash.jobs.JobPosting,JOBS_PREMIUM_OFFLINE,urn:li:fsd_jobPosting:4110841673
urn:li:jobPosting:4110451899,false,Продавач - консултант,[com.linkedin.deco.recipe.anonymous.Anon1578943416],null,com.linkedin.voyager.dash.jobs.JobPosting,JOBS_CREATE,urn:li:fsd_jobPosting:4110451899
urn:li:jobPosting:4110452927,false,Business Development Representative,[com.linkedin.deco.recipe.anonymous.Anon1578943416],null,com.linkedin.voyager.dash.jobs.JobPosting,JOBS_CREATE,urn:li:fsd_jobPosting:4110452927
urn:li:jobPosting:4110439310,false,Data Analytics Intern,[com.linkedin.deco.recipe.anonymous.Anon1578943416],1110496096,com.linkedin.voyager.dash.jobs.JobPosting,JOBS_PREMIUM_OFFLINE,urn:li:fsd_jobPosting:4110439310
urn:li:jobPosting:4110455408,false,Senior Dynamics 365 F&O Supply Chain Consultant,[com.linkedin.deco.recipe.anonymous.Anon1578943416],null,com.linkedin.voyager.dash.jobs.JobPosting,JOBS_CREATE,urn:li:fsd_jobPosting:4110455408
urn:li:jobPosting:4110458133,false,Senior Dynamics 365 Finance Consultant,[com.linkedin.deco.recipe.anonymous.Anon1578943416],null,com.linkedin.voyager.dash.jobs.JobPosting,JOBS_CREATE,urn:li:fsd_jobPosting:4110458133
urn:li:jobPosting:4110458137,false,Senior Business Analyst (ETRM),[com.linkedin.deco.recipe.anonymous.Anon1578943416],null,com.linkedin.voyager.dash.jobs.JobPosting,JOBS_CREATE,urn:li:fsd_jobPosting:4110458137
urn:li:jobPosting:4110458136,false,Senior UI/UX Designer,[com.linkedin.deco.recipe.anonymous.Anon1578943416],null,com.linkedin.voyager.dash.jobs.JobPosting,JOBS_CREATE,urn:li:fsd_jobPosting:4110458136
urn:li:jobPosting:4110456358,false,Strategy Manager (Key Accounts),[com.linkedin.deco.recipe.anonymous.Anon1578943416],null,com.linkedin.voyager.dash.jobs.JobPosting,JOBS_CREATE,urn:li:fsd_jobPosting:4110456358
urn:li:jobPosting:4110442509,false,Data Analytics Intern,[com.linkedin.deco.recipe.anonymous.Anon1578943416],1110496096,com.linkedin.voyager.dash.jobs.JobPosting,JOBS_PREMIUM_OFFLINE,urn:li:fsd_jobPosting:4110442509